athlete_id,speed,score
1,16.135017277975436,3
2,13.307180229481933,77
3,12.248539743287477,93
4,14.83154948071289,72
5,15.56747066780921,39
