machine_id,temperature,vibration,failure
1,56.302352454404954,0.742496513631189,0
2,95.81293672209365,0.25856491724116226,0
3,70.42247296011698,0.5588108527279081,1
4,59.6117668284496,0.4277218323001081,1
5,38.48312558244634,0.4704206148450336,1
