robot_id,temperature,error_code
1,52.71588412684856,0
2,83.68035610459548,1
3,65.09609285663267,4
4,68.94613483583328,2
5,67.01236464310504,1
